Metric,Current,Target,Status
Forecast Accuracy (MAPE),4.32%,< 5%,✅ ON TRACK
Anomaly Detection Rate,92.5%,> 90%,✅ ON TRACK
System Uptime,99.97%,> 99.9%,✅ ON TRACK
Average Response Time (ms),145,< 200,✅ ON TRACK
Predictions per Day,"168,000",">= 168,000",✅ ON TRACK
Data Processing Latency (sec),0.23,< 0.5,✅ ON TRACK
Model Training Frequency,Daily,Daily,✅ ON TRACK
Forecast Horizon (hours),168,168,✅ ON TRACK
Historical Data Points,"8,760","8,760",✅ ON TRACK
Active Monitoring Variables,12,>= 12,✅ ON TRACK
